year_c,bmi_class_c,Freq,chosen,rel_freq
1995,obese,0.16694033935413247,2,0.3262731225678095
1998,obese,0.20314033366045142,2,0.1801795587149
2003,obese,0.21700016599891653,2,0.12424495597445906
2012,obese,0.2445432522307869,2,0.013088374206169817
2019,obese,0.24778637300385087,2,0
