bmi_class_c,male_1998,female_1998,male_2019,female_2019,female,male
morbidly obese,117.72386363636365,101.7388888888889,139.25390926979495,114.7583219754022,-11.345088410497972,-15.460999081697812
normal,68.07373540856031,57.66674861708666,70.48993529510808,59.42307568592938,-2.955631374797041,-3.427723229468549
obese,94.4473242392445,80.82633552014995,101.23858306280074,87.96965727759562,-8.120210966497588,-6.708172534717782
overweight,80.58717259905977,68.05642570281125,84.63645761907657,71.24328430082089,-4.473205621112719,-4.784327149230916
underweight,49.57450980392157,45.181176470588234,53.096627013800315,46.20884420990107,-2.2239633059089603,-6.633410459318467
