bmi_class_c,male_2012,female_2012,male_2019,female_2019,female,male
morbidly obese,125.04064177675153,106.95832298394274,139.25390926979495,114.7583219754022,-6.796891813328665,-10.206727816528428
normal,69.55366991738154,59.37225645580154,70.48993529510808,59.42307568592938,-0.08552103629984042,-1.3282256166172401
obese,98.38220396890318,84.6447604796712,101.23858306280074,87.96965727759562,-3.7795950340381745,-2.8214332989288105
overweight,83.69420148778035,70.35635983863364,84.63645761907657,71.24328430082089,-1.2449236035248723,-1.113298167011001
underweight,52.37434890591764,44.90344364926777,53.096627013800315,46.20884420990107,-2.8250015401891315,-1.3603088341090808
