bmi_class_c,male_1995,female_1995,male_2019,female_2019,female,male
morbidly obese,110.43958333333335,98.72347826086957,139.25390926979495,114.7583219754022,-13.972706674788782,-20.69193323731818
normal,67.07,57.25201365187713,70.48993529510808,59.42307568592938,-3.6535672531106234,-4.851664682043522
obese,91.77267015706806,78.45471055618616,101.23858306280074,87.96965727759562,-10.816168910814605,-9.350104099995892
overweight,78.71370174110523,66.2638202247191,84.63645761907657,71.24328430082089,-6.989380297343217,-6.997877799455998
underweight,52.245161290322585,46.50638297872341,53.096627013800315,46.20884420990107,0.6439000453480004,-1.6036154674315295
