bmi_class_c,male_2003,female_2003,male_2019,female_2019,female,male
morbidly obese,121.22793685446844,105.00470354899485,139.25390926979495,114.7583219754022,-8.499268949312434,-12.944679621454947
normal,68.911304377212,58.12509633469512,70.48993529510808,59.42307568592938,-2.1843018663229574,-2.239512508114949
obese,96.05750753332956,82.29484597863608,101.23858306280074,87.96965727759562,-6.450873488175812,-5.117688703976864
overweight,81.90800550111426,68.88597300389743,84.63645761907657,71.24328430082089,-3.308818957545301,-3.2237314683493223
underweight,52.922075193765465,44.46769018646763,53.096627013800315,46.20884420990107,-3.768010330499394,-0.32874370718404267
